{"generation": 0, "corner": [90, 191, -84, -153, -8, 198, 1, -22, 89, -157], "c": [189, -188, 173, 87, 126, -187, -175, 181, -115, 126], "a1": [-64, -198, 5, 110, 102, -102, 58, 70, -166, 84], "a2": [1, 122, 182, 96, -174, 71, 110, -194, 32, 133], "b": [-69, 172, 116, 59, -105, 177, 57, -192, 60, -19], "o": [10, -13, -99, -73, -109, -40, -85, -13, -149, 112], "x": [-107, -41, 156, 36, 180, -164, -128, -100, 150, -56], "wp": [-66, -163, -83, 60, 101, 193, 39, -127, 74, 141], "ww": [10000, 10000, 10000, 10000, 10000, 10000, 10000, 10000, 10000, 10000], "we": [-148, -1, -37, -2, -114, -187, 67, -9, 172, -52], "fitness": [21.666666666666664, 18.333333333333336, 25.833333333333336, 38.33333333333333, 26.666666666666664, 31.666666666666664, 47.5, 20.0, 55.83333333333333, 26.666666666666664]}