{"generation": 30, "corner": [59, -156, -83, 150, -157, 150, 120, -157, 150, 150], "c": [126, 130, -104, 19, -175, 19, 19, 126, 19, 19], "a1": [110, -91, 175, -41, -85, -133, -103, -85, -103, -85], "a2": [-174, -152, -27, -162, 31, 71, 71, -3, -3, 27], "b": [57, -31, 107, 144, 172, 114, 114, -168, -167, -137], "o": [-149, -43, 0, -76, -149, -76, -76, -76, -85, -85], "x": [149, 137, -182, -147, 150, -147, 148, -147, -57, -57], "wp": [74, -19, -121, 74, 39, 74, 74, -103, 39, 39], "ww": [10000, 10000, 10000, 10000, 10000, 10000, 10000, 10000, 10000, 10000], "we": [173, -30, 53, 172, 172, 172, 172, 172, 172, 172], "fitness": [51.66666666666667, 20.833333333333336, 40.833333333333336, 44.166666666666664, 50.83333333333333, 52.5, 42.5, 37.5, 46.666666666666664, 49.16666666666667]}