{"generation": 100, "corner": [-102, 163, 163, 93, 93, -27, 166, 149, 192, 193, 193, 166, 166, 192, 197], "c": [50, -138, -198, 66, 66, 125, -168, -198, -146, -168, -168, -168, -168, -145, -168], "a1": [-133, 10, 10, -41, -35, -103, 10, -103, -103, -41, -41, -59, -59, -103, 10], "a2": [27, 131, -112, 27, 92, -112, 27, 69, -112, 26, 26, -157, -127, 69, 27], "b": [-22, -22, 106, 58, 173, 171, 58, 172, 171, 58, 171, -97, -67, 172, 58], "o": [-32, -32, -32, -46, -76, 63, -32, -32, -75, -62, -2, -33, 93, 7, 7], "x": [-75, 148, -35, 148, 151, -122, 118, 151, 151, 148, 151, 148, 148, 181, 148], "wp": [4, 133, 74, 132, 133, 133, 74, 74, 133, 74, 74, 74, 74, 162, 162], "ww": [10000, 10000, 10000, 10000, 10000, 10000, 10000, 10000, 10000, 10000, 10000, 10000, 10000, 10000, 10000], "we": [104, 174, 172, 173, 174, 105, 172, 172, 203, 172, 172, 172, 172, 172, 144], "fitness": [48.33333333333333, 33.333333333333336, 52.5, 62.5, 50.83333333333333, 36.666666666666664, 59.16666666666667, 47.5, 46.666666666666664, 52.5, 44.16666666666667, 47.5, 45.83333333333333, 35.833333333333336, 52.5]}